上海中医药大学附属曙光医院(西院);121.485781;31.228673
上海市中医药大学附属曙光医院(东院);121.600407;31.192315
上海中医药大学附属岳阳中西医结合医院;121.495334;31.294614
上海中医药大学附属龙华医院;121.456833;31.19439
上海中医药大学附属;121.496106;31.295988
上海市光华中西医结合医院;121.428939;31.211115
上海中医药大学附属岳阳中西医结合医院;121.470446;31.236543
上海市中医医院;121.477983;31.265496
上海市普陀区中心医院;121.410709;31.247439
上海中医药大学附属龙华医院(浦东分院);121.500347;31.180525